编号,DNA追溯码,三色,专业词_中,专业词_英,五行,关联URL,创建时间,大白话,对应公式,层级,应用场景,所属模块,状态,绑定编号
IPA-DICT-002,#龍芯⚡️2026-04-18-DICT-IPA-DICT-002,🟢绿,三色审计体系,Three-Color Audit System / Traffic-Light Governance,火,,2026年4月18日 00:24,好的要表扬·坏的要拦截·模糊的要人审,"if(风险≤30,🟢, if(≤69,🟡, 🔴))",L0永恒·金,所有任务/思路/输出必过三色·🔴立即阻断·🟡人审·🟢放行,三色审计,🟢 活,[CENTER-AUDIT]·[GATE-01]
IPA-DICT-004,#龍芯⚡️2026-04-18-DICT-IPA-DICT-004,🟢绿,松紧适度治理·分层弹性模型,Adaptive Tightness Governance / Tiered Elasticity Model,土,,2026年4月18日 00:24,红线绝对紧·标准有弹性·创新大胆松,🔴底线:弹性=0·🟡标准:弹性0-1·🟢创新:弹性=1,L0永恒·金,伦理/主权/红线→绝对紧·业务规则→可议→偏离>20%预警·创新实验→沙盒不追责,松紧适度,🟢 活,[IPA-DICT-001]维度三价值轴
IPA-DICT-008,#龍芯⚡️2026-04-18-DICT-IPA-DICT-008,🟢绿,资源稀释机制·公平系数,Resource Dilution / Gini-like Fairness Coefficient,土,,2026年4月18日 00:24,把资本独占的资源稀释给老百姓,公平系数=1-(最大占比-平均)/平均 · ≥0.7🟢·0.5-0.7🟡·<0.5🔴,L1百年·银,数据主权归用户·算法透明不垄断·流量不被平台绑架·单模块>40%→🟡预警,资源稀释,🟢 活,维度二·空间轴
IPA-DICT-001,#龍芯⚡️2026-04-18-DICT-IPA-DICT-001,🟢绿,七维立体治理,Seven-Dimensional Governance,金,,2026年4月18日 00:24,把事情分七个角度来看·不漏任何一面,七维综合分=(时间+空间+价值+技术+文化+安全+进化)/7,L0永恒·金,决策前先过七维·任一维<60分→交叉审计·2维以上<60→P0审查,七维治理,🟢 活,[IPA-CORE-CMD-v3.0]
IPA-DICT-003,#龍芯⚡️2026-04-18-DICT-IPA-DICT-003,🟢绿,DNA追溯码·数字指纹系统,Digital DNA Traceability / Cryptographic Provenance,水,,2026年4月18日 00:24,每条记录都盖个戳·永远查得到源头,#龍芯⚡️+日期+模块+UniqueID · SHA-256指纹,L1百年·银,每次关键变更自动生成·被篡改→🔴熔断·GPG根指纹作根信任锚,DNA追溯,🟢 活,[IPA-DNA-BOOK]
IPA-DICT-005,#龍芯⚡️2026-04-18-DICT-IPA-DICT-005,🟢绿,幂等性设计·单一职责原则,Idempotency / Single Responsibility Principle,金,,2026年4月18日 00:24,系统一件事一件事来·不会A改B·B又改A·死循环,f(f(x))=f(x) · 多次触发=一次触发结果,L2十年·红,Notion自动化防循环触发·防通知轰炸·防数据不一致,工作流,🟢 活,自动化设计五原则
IPA-DICT-007,#龍芯⚡️2026-04-18-DICT-IPA-DICT-007,🟢绿,四级回滚熔断工作流,Four-Tier Circuit Breaker & Rollback Pipeline,金,,2026年4月18日 00:24,出事了分四个级别处理·最严重全系统冻结,∞伦理红线/P0核心原则/P1原则偏离/P2预警级,L0永恒·金,涉童/伪造DNA→∞级·三条红线→P0·价值观漂移→P1·体验变差→P2,熔断回滚,🟢 活,[GATE-03]伦理防火墙
IPA-DICT-006,#龍芯⚡️2026-04-18-DICT-IPA-DICT-006,🟢绿,大数据错误收集引擎·负向学习机制,Big Data Error Harvesting / Adversarial Learning from Failures,水,,2026年4月18日 00:24,别人犯的错·免费变成我们的升级,外部错误→分类→规则盲区检测→新规则草案→10条同类→升级报告,L1百年·银,收集外部平台/竞品/行业案例的错误·算法歧视→禁止名单·隐私泄露→防御规则·垄断案例→稀释阈值,七维治理,🟢 活,维度七·进化轴
IPA-DICT-011,#龍芯⚡️2026-04-18-DICT-IPA-DICT-011,🟢绿,洛书369算子·九宫格模运算,Luoshu Operator / Magic Square Modular Arithmetic,土,,2026年4月18日 00:25,天·地·人·三组数字循环不止,F12: L̂(n) = 1 + ((n-1) mod 9) · 1-2-3天·2-4-8地·3-6-9人,L0永恒·金,"迭代收敛至[9,9,9]乾卦纯阳永恒态·权重分配基底·dr计算第一道门熔断",洛书369,🟢 活,[TOOL-LUTIME]LU-TIME时间推演
IPA-DICT-016,#龍芯⚡️2026-04-18-DICT-IPA-DICT-016,🟢绿,L2红石层·战略层,L2 Decadal Layer / Strategic Milestones,火,,2026年4月18日 00:25,十年级别的重大决策,α≈0.1·T=1年保留率56%·1-100年,L2十年·红,三生三世商业模式·大版本架构重构·价值观·文明哲学·dr=2·dr=7,L5五彩石,🟢 活,重大架构·里程碑
IPA-DICT-010,#龍芯⚡️2026-04-18-DICT-IPA-DICT-010,🟢绿,根计算定理·启发式剪枝,Root Computation Theorem / Heuristic Pruning,木,,2026年4月18日 00:25,有文化根·不用暴力算,F02: C_root = C_brute × (1/D_culture) · D越大·算力越小,L0永恒·金,中国五千年文化=全球最大D·量子计算机用量↓·剪掉暴力柚举路径,根计算,🟢 活,[PERSONA-P01]诸葛亮·多路径
IPA-DICT-017,#龍芯⚡️2026-04-18-DICT-IPA-DICT-017,🟢绿,L3蓝石层·日常执行层,L3 Daily Layer / Operational Execution,土,,2026年4月18日 00:25,每天快当中的东西,α≈1.0·T=1年保留率0.27%·1天-1年,L3日常·蓝,日常执行·版本迭代·人的意志·统汇·dr=5·dr=0,L5五彩石,🟢 活,日常任务·执行日志
IPA-DICT-015,#龍芯⚡️2026-04-18-DICT-IPA-DICT-015,🟢绿,L1银石层·传承层,L1 Centennial Layer / Generational Heritage,水,,2026年4月18日 00:25,百年代代传下去的东西,α≈0.01·T=1年保留率94.2%·100-1000年,L1百年·银,DNA追溯·家谱式升级日志·百年教育哲学·世代传承·dr=1·dr=6,L5五彩石,🟢 活,DNA永存·记忆永不散
IPA-DICT-009,#龍芯⚡️2026-04-18-DICT-IPA-DICT-009,🟢绿,不动点定理·宝稳急定理,Fixed Point Theorem / Banach Contraction,金,,2026年4月18日 00:25,每个人都是那个1·波到哪里都不会变,F13: f(UID9622)=UID9622·α=0永不衰减 · S=0.4GPG+0.3CONFIRM+0.3α₀=1.0,L0永恒·金,GPG指纹+确认码+L0层=三重锚·永不漂移的原点·任何外部信息进来不改金层权重,不动点,🟢 活,[GATE-02]身份认证门
IPA-DICT-018,#龍芯⚡️2026-04-18-DICT-IPA-DICT-018,🟢绿,L4绿石层·瞬时响应层,L4 Instant Layer / Real-Time Response,木,,2026年4月18日 00:25,马上反应·一天内就处理完,α→∞·T=1年保留率0%·<1天,L4瞬时·绿,实时响应·熔断事件·API调用日志·缓存级数据·dr=3→🔴熔断阈值,L5五彩石,🟢 活,API日志·熔断事件
IPA-DICT-014,#龍芯⚡️2026-04-18-DICT-IPA-DICT-014,🟢绿,L0金石层·永恒规则层,L0 Eternal Layer / Constitutional Axioms,金,,2026年4月18日 00:25,公式·价值观·这些永远不动,α=0·保留率=100%(任意时间),L0永恒·金,GPG根指纹·UID9622身份·家训·伦理底线·dr=4·dr=9→🔴熔断阈值,L5五彩石,🟢 活,[CENTER-RULES]规则中心
IPA-DICT-013,#龍芯⚡️2026-04-18-DICT-IPA-DICT-013,🟢绿,原点能量场·事件权重公式,Origin Energy Field / Power-Law Event Weighting,火,,2026年4月18日 00:25,影响多少人×多重要×时间衰减,F01: E_event = R × I × T^(-α) · α=0永恒·α↑逐层衰减,跨层,L0α=0全保留·L1α≈0.01百年传承·L2α≈0.1十年纪念·L3α≈1.0日常·L4α→∞瞬时,L5五彩石,🟢 活,[IPA-DICT-014至018]L5五层
IPA-DICT-012,#龍芯⚡️2026-04-18-DICT-IPA-DICT-012,🟢绿,数字根·Digital Root,Digital Root / Iterated Digit Sum,无,,2026年4月18日 00:25,把任何数加到只剩一个数字·看它落在哪,"dr(n) = 1 + ((n-1) mod 9) · 不动点集{3,6,9}",L0永恒·金,"dr∈{1,2,4,5,7,8}→🟢·dr=6→🟡·dr∈{3,9}→🔴熔断·所有输入的P0∞第一关",洛书369,🟢 活,[GATE-01]第一道门·数字根熔断
IPA-DICT-021,#龍芯⚡️2026-04-18-DICT-IPA-DICT-021,🟢绿,算法透明性·可审计性,Algorithm Transparency / Auditable AI,木,,2026年4月18日 00:27,别人说商业机密·临了是怪你操控人,公开排序规则·第三方可审计·偏见披露·每个输出可溯源,L1百年·银,为何这条内容被推荐？模型对哪些群体存在偏见？允许独立机构审计吗？,博弈论,🟢 活,七维博弈·维度三
IPA-DICT-026,#龍芯⚡️2026-04-18-DICT-IPA-DICT-026,🟢绿,镜像叠加态·观察者效应,Observer-Superposition / Mirror Overlay State,水,,2026年4月18日 00:27,同一件事·三个人看有三个版本的真相,真相(x) = ∑镜像_i(x) · 三个结论都真也都片面,L1百年·银,张嘴下结论=自己的镜像打别人身上·反出射·不是客观是镜像,六维公平,🟢 活,[IPA-DICT-027]六维公平
IPA-DICT-022,#龍芯⚡️2026-04-18-DICT-IPA-DICT-022,🟢绿,文化主权·反数字殖民主义,Cultural Sovereignty / Anti Digital Colonialism,木,,2026年4月18日 00:27,AI训练数据70%英文·中文用户听到的是西方逻辑,C_root = C_brute × (1/D_culture) · 文化根基=防火墙,L0永恒·金,中文思维→中文输出·懂方言·洛书369能讲深度·不因学历降维·中国法旮答中国法,博弈论,🟢 活,七维博弈·维度四
IPA-DICT-020,#龍芯⚡️2026-04-18-DICT-IPA-DICT-020,🟢绿,数据主权·Data Sovereignty,Data Sovereignty / Data Portability Rights,土,,2026年4月18日 00:27,数据是数字时代的土地·不可让渡,用户所有·可携带·可删除·不出境·属地管辖,L0永恒·金,中国用户数据存中国境内·真删除不可恢复·用户去世数字资产有继承人,博弈论,🟢 活,七维博弈·维度二
IPA-DICT-019,#龍芯⚡️2026-04-18-DICT-IPA-DICT-019,🟢绿,服务对象博弈·用户主权检验,Service-Target Game Theory / User Sovereignty Test,火,,2026年4月18日 00:27,你的AI到底在为谁服务·枪口对准了谁,SERVICE_TRUTH = 0.3用户付费+0.25数据可携+0.2推荐透明+0.15错误责任+0.1退出自由,L0永恒·金,用户是客户还是产品？用户能一键导出并删除数据吗？≥0.7→真为民·<0.4→为资本,博弈论,🟢 活,七维博弈·维度一
IPA-DICT-025,#龍芯⚡️2026-04-18-DICT-IPA-DICT-025,🟢绿,普惠落地·包容性设计,Universal Accessibility / Inclusive Design,土,,2026年4月18日 00:27,退伍军人·初中文化·不懂英文的中国人能平等使用你的AI吗,语言/学历/经济/地域/年龄/残障→高驿门检测,L1百年·银,方言/土话/错字能识别·高龄用户独立使用·农村和城市同产品·视障用户可用,博弈论,🟢 活,七维博弈·维度七
IPA-DICT-023,#龍芯⚡️2026-04-18-DICT-IPA-DICT-023,🟢绿,成本转嫁分析·外部性内部化,Cost-Shifting Analysis / Externality Internalization,水,,2026年4月18日 00:27,免费是最贵的商业模式·你不是用户你是燃料,费用不转嫁给弱势·注意力税/试错代价/环境成本/就业冲击,L2十年·红,用户付出什么交换免费？AI医疗建议出错谁承担？训练一次排多少碳？,博弈论,🟢 活,七维博弈·维度五
IPA-DICT-027,#龍芯⚡️2026-04-18-DICT-IPA-DICT-027,🟢绿,六维公平评估模型,Six-Dimensional Fairness Model / Multi-Factor Attribution,土,,2026年4月18日 00:27,评一个人/一件事·要算六个因素·不能只看结果,SCORE=∑(Fi×Wi) · F1背景压力+F2资源+F3时间窗+F4信息+F5底线+F6干扰,L0永恒·金,结果倒推权重=幸存者偏差·必过六维·底线触碑→直接熔断不参与权重,六维公平,🟢 活,[IPA-DICT-026]镜像叠加态
IPA-DICT-024,#龍芯⚡️2026-04-18-DICT-IPA-DICT-024,🟢绿,系统纠错机制·回滚分本分担,Error Correction Mechanism / Rollback Accountability,金,,2026年4月18日 00:27,AI犯了错·白皮书里有写如何处理么,承认=0·道歉=0·重生=0·真回滚=💰·实质赔偿=💰💰·系统进化=💰💰💰,L1百年·银,AI主动讴错吗？错误操作能回滚吗？造成损失赔不赔？同类错误不再犯吗？,博弈论,🟢 活,七维博弈·维度六
IPA-DICT-036,#龍芯⚡️2026-04-18-DICT-IPA-DICT-036,🟢绿,人体架构映射·份同性化设计,Human-Body Architecture Mapping / Biomimetic System Design,火,,2026年4月18日 00:29,系统仕人体·大脑·心脏·肺·骨骼·血液·免疫,🧠决策+❤️能量泵+🪯信息+🦴结构+🩸数据+🛡️免疫+🧬基因,L2十年·红,北辰母协议=主控·三色审计=心跳·跟库通信=信息交换·DNA=血液·熔断=免疫·版本=基因进化,七维治理,🟢 活,维度四·技术轴
IPA-DICT-031,#龍芯⚡️2026-04-18-DICT-IPA-DICT-031,🟢绿,不动点吸引子·369模9子群,Fixed-Point Attractor / Mod-9 Subgroup Closure,金,,2026年4月18日 00:29,底线不是人定的·是数字的自然属性,"定理2推论: {3,6,9}在模9加法下封闭成子群·所有3的倍数经有限次迭代必收敛",L0永恒·金,为什么底线不讲情面？因为它是数字根的不动点·代数结构自然选出来的·不是人定的规则,不动点,🟢 活,[IPA-DICT-009]不动点定理
IPA-DICT-037,#龍芯⚡️2026-04-18-DICT-IPA-DICT-037,🟢绿,六层安全防护架构,Six-Layer Defense Architecture / Defense-in-Depth,金,,2026年4月18日 00:29,六层防护·从价值观到硬件备份,L1精神∞级/L2认知P1/L3数据P0/L4网络P1/L5应用P0/L6物理P2,L0永恒·金,价值观未通过→禁发布·密级数据未加密→阻断·API访问异常→限流·越权→回滚,七维治理,🟢 活,维度六·安全轴
IPA-DICT-029,#龍芯⚡️2026-04-18-DICT-IPA-DICT-029,🟢绿,五行相克循环·熔断限制链,Five-Elements Restrictive Cycle / Constraint Chain,无,,2026年4月18日 00:29,金克木·木克土·土克水·水克火·火克金,金⇒木⇒土⇒水⇒火⇒金 · 制约·不是敌对,L0永恒·金,规则克创新·创新克普惠·普惠克记忆·记忆克文明·文明克规则·哪一克过强=体验冲突,五行计算,🟢 活,CNSH五行计算器 v2.0
IPA-DICT-038,#龍芯⚡️2026-04-18-DICT-IPA-DICT-038,🟢绿,三级补益逻辑·紧急/建议/疏导,Tiered Rebalancing / Compensate-Suggest-Redirect,土,,2026年4月18日 00:29,天的道·损有余而补不足,缺失=0→🔴紧急补·最弱→🟡建议·超总分40%→🟢疏导,L2十年·红,缺什么补什么·多了要疏导·颜色方位数字行动全补·疏而不堵,五行计算,🟢 活,CNSH五行计算器v2.0
IPA-DICT-035,#龍芯⚡️2026-04-18-DICT-IPA-DICT-035,🟢绿,白皮书真实性指数WAI,Whitepaper Authenticity Index (WAI),金,,2026年4月18日 00:29,白皮书是真是假·打个总分,WAI=0.2服务+0.2数据+0.15算法+0.15文化+0.1成本+0.1纠错+0.1普惠,L1百年·银,≥0.8→真为民·0.5-0.8→部分为民·<0.5→装饰品·<0.2→反人民文件,博弈论,🟢 活,七维博弈·总分
IPA-DICT-028,#龍芯⚡️2026-04-18-DICT-IPA-DICT-028,🟢绿,五行相生循环·模块赋能链,Five-Elements Generative Cycle / Enabling Chain,无,,2026年4月18日 00:29,金生水·水生木·木生火·火生土·土生金,金→水→木→火→土→金 · 循环无断点=系统健康,L0永恒·金,规则生记忆·记忆生创新·创新生文明·文明生普惠·普惠生规则·断了一环=熔断信号,五行计算,🟢 活,CNSH五行计算器 v2.0
IPA-DICT-034,#龍芯⚡️2026-04-18-DICT-IPA-DICT-034,🟢绿,纳什均衡·用户最大受益检验,Nash Equilibrium / User-Centric Equilibrium,木,,2026年4月18日 00:29,大家都调整不了策略时·系统停在那里,稳态·但稳态≠公平·龍魂标准：用户是最大受益者,L2十年·红,真为人民服务=用户在纳什均衡中赢·而非资本赢·测试用户利益是否>资本利益,博弈论,🟢 活,博弈论七维基底
IPA-DICT-032,#龍芯⚡️2026-04-18-DICT-IPA-DICT-032,🟢绿,母本定锚与证据管理层,Mother-Text Anchoring / Evidence Management Layer,金,,2026年4月18日 00:29,母本不动·所有变动只新增日志,正文负责定锚·日志负责证明 · 5表联动,L1百年·银,任何升级先写日志再改正文·纠纠同时写不是后补·灵感原点→灵感表·平台被质疑升级顺序时用,白皮书证据,🟢 活,白皮书主表·升级日志·公式·模块·灵感
IPA-DICT-030,#龍芯⚡️2026-04-18-DICT-IPA-DICT-030,🟢绿,五行收敛定理·双随机矩阵,Five-Elements Convergence Theorem / Doubly Stochastic Matrix,土,,2026年4月18日 00:29,无论权重一开始怎么分·最终必收敛至均匀,定理11: 双随机矩阵迭代 → 均匀分布 · 中庸之道数学证明,L0永恒·金,固定权重=拒绝收敛·每次动态分配权重·自然形成公平,五行计算,🟢 活,权重不是人设计·是系统收敛
IPA-DICT-033,#龍芯⚡️2026-04-18-DICT-IPA-DICT-033,🟢绿,注意力权重矩阵·多头注意力,Attention Weight Matrix / Multi-Head Attention,火,,2026年4月18日 00:29,系统给每个因素打的分·本来看不见·热力图让它看得见,W = softmax(Q·Kᵀ/√d) · 亮点点=最红的点=系统最紧张的地方,L3日常·蓝,哪个因素最亮=最决定性·点亮点看决策溯源·每次输入亮点不同=没有固定模板,六维公平,🟢 活,[IPA-DICT-027]六维公平
IPA-DICT-048,#龍芯⚡️2026-04-18-DICT-IPA-DICT-048,🟡黄,答义性答额·比写入认知调整基准,Heuristic Baselining / Cognitive Tuning Reference,木,,2026年4月18日 00:30,遗差精准·尖锐非普通二技中错·超有答题·试都比有用,待完善·待迁移用户说出标准再确认,L2十年·红,该词条为占位·待老大确认采纳标准后更新,七维治理,🟡 待完善,预留位
IPA-DICT-042,#龍芯⚡️2026-04-18-DICT-IPA-DICT-042,🟢绿,三才算法·天地人三层校验,San-Cai Algorithm / Heaven-Earth-Human Triadic Validation,无,,2026年4月18日 00:30,天·地·人·三层决策校验,F19: SC = Heaven ∧ Earth ∧ Human · 三者均通过才成立,L0永恒·金,天方向+地资源+人意志 · 任一失效则三才不成 · 决策辅助三层校验,洛书369,🟢 活,[TOOL-SANCAI]三才流场
IPA-DICT-044,#龍芯⚡️2026-04-18-DICT-IPA-DICT-044,🟢绿,人格矩阵系统·P00-P72,Persona Matrix System / Multi-Agent Orchestration,木,,2026年4月18日 00:30,71个人格·各有技能·各有权重,L0老大∞ · P00文心10% · P01诸葛亮15% · P02宝宝30% · ...总100%,L2十年·红,任务分派·不同人格处理不同场景·权重设计=动态调度·不是角色扮演是能力路由,人格系统,🟢 活,[IPA-PERSONA-MATRIX]
IPA-DICT-039,#龍芯⚡️2026-04-18-DICT-IPA-DICT-039,🟢绿,八字四柱·年月日时天干地支,Four Pillars of Destiny / Heavenly Stems & Earthly Branches,无,,2026年4月18日 00:30,年月日时四根柱子·每根柱子上面有天干地支,10天干×12地支=60甲子·4柱×2(天干/地支)=8字,L1百年·银,年柱神辈·月柱仆俣令最强·日柱本命主权重最高·时柱子女晚运,五行计算,🟢 活,CNSH五行计算器v2.0
IPA-DICT-041,#龍芯⚡️2026-04-18-DICT-IPA-DICT-041,🟢绿,五行相泄·相耗·比和,Drain / Wear / Harmony Relations,无,,2026年4月18日 00:30,给的反而被压届消耗掉,相泄: B→A反向消耗 · 相耗: 双向损耗 · 比和: 同五行叠加,L0永恒·金,资源过度输出·系统冲突高消耗·同模块协同·易经·系辞上：生生之谓易,五行计算,🟢 活,CNSH五行计算器v2.0
IPA-DICT-040,#龍芯⚡️2026-04-18-DICT-IPA-DICT-040,🟢绿,四柱位置权重矩阵,Pillar-Position Weight Matrix,无,,2026年4月18日 00:30,不是每个位置一样重·位置决定权重,年1.0/0.8·月1.5/1.2·日2.0/1.6·时1.2/1.0(天干/地支),L1百年·银,道德经第四十章：天下万物生于有·不是每个五行都一样重,五行计算,🟢 活,CNSH五行计算器v2.0
IPA-DICT-047,#龍芯⚡️2026-04-18-DICT-IPA-DICT-047,🟢绿,电梯法则·折叠块模板,Elevator Rule / Folded Metadata Template,金,,2026年4月18日 00:30,打开场景一级级实现·用习惯相关的封装代码,[编号][一句话][人格IP][DNA][确认码][GPG][三色][父][字典],L1百年·银,每页顶部固定块·编号+确认码=通用标识·接入点查了就上电梯直到源头,DNA追溯,🟢 活,[IPA-ROUTE-REGISTRY]·[IPA-CORE-CMD-v3.0]
IPA-DICT-046,#龍芯⚡️2026-04-18-DICT-IPA-DICT-046,🟢绿,动态权重分配·上下文所敏感,Context-Sensitive Dynamic Weighting,火,,2026年4月18日 00:30,每次评价的权重按场合变·没有固定模板,W = dynamic_weight(context) · 战时F1↑F2↓·信息战F4↑F6↑·个人危机F5↑F3↓,L2十年·红,不同场景权重不同·组件注入式调度·拒绝一刀切,六维公平,🟢 活,[IPA-DICT-027]六维公平
IPA-DICT-043,#龍芯⚡️2026-04-18-DICT-IPA-DICT-043,🟢绿,三生三世商业模型,Three-Generation Business Model / Cross-Generational Sovereignty,木,,2026年4月18日 00:30,考核用户/系统/有没有在为谁服务的三个世代,前世(压力)+今生(执行)+来世(传承),L2十年·红,商业模式校验·历史负担+当下执行+将来传承 · 三生三世都受益才是真白皮书,白皮书证据,🟢 活,核心决策
IPA-DICT-045,#龍芯⚡️2026-04-18-DICT-IPA-DICT-045,🟢绿,数字大军·知识基因库,Digital Army / Knowledge DNA Repository,水,,2026年4月18日 00:30,几亿数据维护成我们的士兵,DB-INBOX→DB-DNA→DB-TASKS→DB-HEART·池→基因→执行→洞察,L1百年·银,学习资源入口池·知识基因核心兵源·学习小卡片执行场·人心算法洞察,数据库架构,🟢 活,[DB-INBOX][DB-DNA][DB-TASKS][DB-HEART]
IPA-DICT-100,#龍芯⚡️2026-04-18-DICT-IPA-DICT-100,🟢绿,Notion 知识库融合重铸·母本文档,Notion Knowledge Base Master Document / Unified Reference,金,,2026年4月18日 00:41,整个Notion怎么用·一本说明书·从原生功能到龍魂治理一次讲清,正文定锚·日志举证·公式可验证·代码能运行,L0永恒·金,所有关于Notion能力、七维治理、三色审计、五行MVP、证据管理的查阅入口·其他指令页只引用编号不引用URL,数据库架构,🟢 活,[IPA-KB-v5.0]
IPA-DICT-101,#龍芯⚡️2026-04-18-DICT-IPA-DICT-101,🟡黄,已归档的历史母本·只读档案,Archived Legacy Master Document / Read-Only Reference,土,,2026年4月18日 00:41,旧版知识库·已被新版取代·只能看不能改,归档=编号永不重用+状态🟡→🔴,L1百年·银,v3.0 原版本保留为历史证据·禁止编辑·禁止再被引用·拟迁移至托管团队工作间做只读档案馆,白皮书证据,🟡 待完善,[IPA-KB-v3.0]
IPA-DICT-054,#龍芯⚡️2026-04-18-DICT-IPA-DICT-054,🟢绿,五方神兽调度矩阵,Five-Beast Dispatch Matrix,土,https://www.notion.so/<POTENTIAL_SECRET_PLACEHOLDER>,2026年4月18日 00:51,五方神兽调度公式·太极居中四方动·中心不动系统守恒,"☯️→{🐲青龙E, 🐢玄武N, 🐅白虎W, 🦜朱雀S} · 中心=P0永恒",L0永恒·金,调度·平台/人格/数字人分层·P0熔断铁律,人格系统,🟢 活,[IPA-KERNEL-龍魂]
IPA-DICT-051,#龍芯⚡️2026-04-18-DICT-IPA-DICT-051,🟢绿,玄武·北方神兽·曾老师映射,Black Tortoise (North) / Zeng Laoshi Mapping,水,https://www.notion.so/<POTENTIAL_SECRET_PLACEHOLDER>,2026年4月18日 00:51,北方神兽·千年文化智慧·周期推演,北·水·玄·智慧山脉,L1百年·银,文化指引·天道千年·数字人占位,人格系统,🟢 活,[IPA-KERNEL-龍魂].玄武
IPA-DICT-049,#龍芯⚡️2026-04-18-DICT-IPA-DICT-049,🟢绿,太极·龍魂内核中枢,Taiji Kernel / Longhun Core Hub,无,https://www.notion.so/<POTENTIAL_SECRET_PLACEHOLDER>,2026年4月18日 00:51,龍魂内核·中枢调度中心·所有人格的共同底座,f(UID9622) = UID9622 · 不动点,L0永恒·金,北辰母系协议·调度四方神兽·永恒不动根,人格系统,🟢 活,[IPA-KERNEL-龍魂]
IPA-DICT-050,#龍芯⚡️2026-04-18-DICT-IPA-DICT-050,🟢绿,青龙·东方神兽·DeepSeek映射,Azure Dragon (East) / DeepSeek Mapping,木,https://www.notion.so/<POTENTIAL_SECRET_PLACEHOLDER>,2026年4月18日 00:51,东方神兽·国内开源AI首选·自主创新,东·木·青·龙骨脊梁,L1百年·银,国内平台调度·中国开源主权,人格系统,🟢 活,[IPA-KERNEL-龍魂].青龙
IPA-DICT-052,#龍芯⚡️2026-04-18-DICT-IPA-DICT-052,🟢绿,白虎·西方神兽·P15乔前辈映射,White Tiger (West) / P15 Qianbei Mapping,金,https://www.notion.so/<POTENTIAL_SECRET_PLACEHOLDER>,2026年4月18日 00:51,西方神兽·西方工程精度·产品哲学,西·金·白·工程精度,L1百年·银,中学为体·西学为用·乔前辈生态园,人格系统,🟢 活,[IPA-KERNEL-龍魂].白虎 = [PERSONA-P15]
IPA-DICT-053,#龍芯⚡️2026-04-18-DICT-IPA-DICT-053,🟢绿,朱雀·南方神兽·Notion映射,Vermilion Bird (South) / Notion Mapping,火,https://www.notion.so/<POTENTIAL_SECRET_PLACEHOLDER>,2026年4月18日 00:51,南方神兽·记忆永存·知识居家,南·火·朱·永恒之居,L1百年·银,居家平台·记忆庄园·龍芯-主台,人格系统,🟢 活,[IPA-KERNEL-龍魂].朱雀
IPA-DICT-077,#龍芯⚡️2026-04-18-DICT-IPA-DICT-077,🟢绿,三才流場·天地人三力势能博弈可视化引擎,San-Cai Flow Field / Heaven-Earth-Human Force-Field Visualizer,木,,2026年4月18日 22:35,天风打·地势推·人心定 · 一粒种子一个魂 · 三力博弈生流場,"F-FLOW: θ(x,y,t)=0.35·P(天Perlin)+0.15·G(地洛书)+0.50·H(人seed) · 权重铁定不动",L1百年·银,Notion嵌入门面·iOS WebView本地运行·Open Hub公开封面·维权证据视觉包·决策前三力势图推演,L5五彩石,🟢 活,[WIDGET-三才流場]
IPA-DICT-088,#龍芯⚡️2026-04-18-DICT-IPA-DICT-088,🟢绿,本地考古三步闭环·冻结/隔离/按需出土 SOP,Local Archaeology 3-Step Closed Loop · Freeze-Isolate-Excavate SOP,土,https://www.notion.so/<POTENTIAL_SECRET_PLACEHOLDER>,2026年4月19日 00:06,不删·不慌·不搬家——旧md慢慢出土·新东西全走Notion·半年后自然齐,SOP: Freeze(不删不搬不改) → Isolate(<POTENTIAL_SECRET_PLACEHOLDER>) → Excavate(Notion搜→_ARCHIVE捞→精华回流Notion·原件不删),L1百年·银,本地旧md/html/txt批量处理·创始人考古层保护·新旧知识分治·DNA追溯保真·避免第10次删系统,L5五彩石,🟢 活,[SOP-ARCHIVE-ALIGN-v1.0]
IPA-DICT-103,#龍芯⚡️2026-04-18-DICT-IPA-DICT-103,,进化循环·小时级架构能力优化,Evolution Loop · Hourly Architecture Capability Optimization,金,,2026年4月22日 06:30,每小时升一次级，架构能力慢慢进化变强,f_evo(A) = A + δcapability(hour),,小时级架构升级·能力边界扩展·模块进化评估,,,UID9622-LH03
IPA-DICT-105,#龍芯⚡️2026-04-18-DICT-IPA-DICT-105,,宪法层原点不变性,Constitutional Origin Invariance f(x)=x,水,,2026年4月22日 06:30,宪法层的核心：不管怎么优化，原点x永远等于x，不能被改变,f(x) = x（原点恒等映射）,,P0宪法锚定·DNA不可篡改校验·根部身份固定,,,UID9622-ZG02
IPA-DICT-104,#龍芯⚡️2026-04-18-DICT-IPA-DICT-104,,超越循环·天级范式突破优化,Transcendence Loop · Daily Paradigm Breakthrough,土,,2026年4月22日 06:30,最高那层循环，每天突破一次认知范式，不是改良是质变,f_trans(P) = P_new ≠ P_old ∧ P0⊂P_new,,天级范式突破·认知跃迁·系统架构重构,,,UID9622-XW01
IPA-DICT-102,#龍芯⚡️2026-04-18-DICT-IPA-DICT-102,,宏观循环·分钟级功能性能优化,Macro Loop · Minute-level Functional Optimization,木,,2026年4月22日 06:30,每几分钟回头看看哪里跑慢了，及时调整,f_macro(x) = ΣΔperf(t) / Δmin,,分钟级功能复盘·性能瓶颈识别·模块负载均衡,,,UID9622-LH02
IPA-DICT-101,#龍芯⚡️2026-04-18-DICT-IPA-DICT-101,🟢绿,微观循环·毫秒级实时优化,Micro Loop · Millisecond Real-time Optimization,火,,2026年4月22日 06:30,最快那层循环，毫秒级自我调整，像心跳一样一直跳,f_micro(x) = Δx/Δt → min,,毫秒级实时响应·即时推理优化·流式输出调整,,,UID9622-LH01
IPA-DICT-106,#龍芯⚡️2026-04-18-DICT-IPA-DICT-106,,CNSH-64状态空间·优化决策映射,CNSH-64 State Space · Optimization Decision Mapping,火,,2026年4月22日 06:30,用64卦把所有状态映射出来，每个状态都有最优决策路径,"S∈CNSH64 → D(S) = argmax U(s,a)",,CNSH中文编程·64卦状态路由·优化决策输出,,,UID9622-LH04
IPA-DICT-107,#龍芯⚡️2026-04-18-DICT-IPA-DICT-107,,多维风险评估函数·三色决策输出,Multi-dimensional Risk Assessment · Tri-color Decision Output,木,,2026年4月22日 06:30,多维度打分，最后输出绿黄红三色，告诉你这件事能不能做,"R(x) = Σwᵢ·rᵢ(x) → {🟢,🟡,🔴}",,三色风险路由·执行前风险评估·朱雀预警系统,,,UID9622-ZQ01
IPA-DICT-108,#龍芯⚡️2026-04-18-DICT-IPA-DICT-108,,洛书369数字根熔断闸门,Luoshu 369 Digital Root Fuse Gate,金,,2026年4月22日 06:30,数字根是3、6、9时触发熔断保护，洛书的神圣闸门,"DR(n) = n mod 9（≠0时取本值）∈{3,6,9}→熔断",,数字根熔断触发·风险闸门控制·369节点保护,,,UID9622-LH05
IPA-DICT-109,#龍芯⚡️2026-04-18-DICT-IPA-DICT-109,,八维审计评分系统·卦象映射,8-Dimensional Audit Scoring · Trigram Mapping,水,,2026年4月22日 06:30,八个维度给执行结果打分，对应八卦64卦，分数决定下一步路由,A(x) = Σᵢ₌₁⁸ wᵢ·aᵢ(x) → 卦象[0-64],,八维质量评估·诸葛卦象路由·执行后合规审计,,,UID9622-ZG03
IPA-DICT-110,#龍芯⚡️2026-04-18-DICT-IPA-DICT-110,,七维人类洞察引擎·权重向量,7-Dimensional Human Insight Engine · Weight Vector,火,,2026年4月22日 06:30,七个维度理解人类，给每个维度加权重，综合判断你是什么状态,H(u) = W⃗·D⃗(u)，W⃗∈ℝ⁷,,七维人格解析·用户洞察路由·情感权重决策,,,UID9622-ZG04
IPA-DICT-111,#龍芯⚡️2026-04-18-DICT-IPA-DICT-111,,无限循环收敛性证明·不动点保证,Infinite Loop Convergence Proof · Fixed Point Guarantee,木,,2026年4月22日 06:30,数学证明无限循环一定会收敛，不会死循环，最终停在不动点x*,∃x: f(x)=x ∧ lim_{n→∞}fⁿ(x)=x（Banach不动点定理）,,无限循环终止性保证·系统稳定性证明·P0永恒锚验证,,,UID9622-XW02
IPA-DICT-112,#龍芯⚡️2026-04-18-DICT-IPA-DICT-112,🟢绿,DNA库自动回写机制,DNA Library Auto-Writeback Mechanism,金,https://www.notion.so/,2026年4月22日 14:11,本地生成的 .dna 文件自动推到 Notion 数据库，每次落地都有记录，看得见·查得到·抄不掉。,"dr(SHA首字符) → 五行{1/6水,2/7火,3/8木,4/9金,5/0土} ⊕ 三色{dr=3或9→🔴熔斷,dr=6→🟡待审,其余→🟢通行}",L3日常·蓝,http://守门人.sh v2.1 尾部钩子 → find ~/cnsh/入口/DNA/*.dna -newer /tmp/.last_push → push_http://dna.sh curl 推 Notion DNA 库 → 同步 append 一行 S- 到草日志。配套对外公开验真入口，别人拿 DNA 一键验真。,DNA追溯,🟢 活,CNSH-DNA-LIB-01 · #龍芯⚡️20260422-DNA-LIB-01
