模块名称,变动记录,字数统计,所在位置,显示状态,最后变动时间,模块类型,负责人格,重要程度
📊 全系统实时同步状态,2025-12-21：保持完全展开状态，这是老大最关心的实时监控面板,200,顶部导航区,,2025年12月21日,实时状态面板,💎 龍芯北辰｜UID9622,P0核心必读
🎛️ 核心人格快捷按钮,2025-12-21：保持完全展开，快捷按钮必须可见,150,人格快捷按钮区,,2025年12月21日,快捷操作按钮,💎 龍芯北辰｜UID9622,P0核心必读
📚 记忆库,2025-12-21：保持完全展开，系统偏好记录必须可见,800,记忆库,,2025年12月21日,记忆库,💎 龍芯北辰｜UID9622,P0核心必读
🔗 快速导航 | 核心系统入口,2025-12-21：保持完全展开，核心系统快速入口必须可见,250,快速导航区,,2025年12月21日,导航链接,💎 龍芯北辰｜UID9622,P0核心必读
🎯 诸葛亮易经推演,2025-12-21：暂时保持完全展开。这是历史推演记录，建议后续转移到专门的推演归档页面,5000,易经推演,,2025年12月21日,推演分析,💎 龍芯北辰｜UID9622,历史归档
💻 技术协作开发执行标准,2025-12-21：暂时保持完全展开。Codebuddy协作标准，建议后续转移到专门的技术协作手册,1200,技术协作标准,,2025年12月21日,执行标准,💎 龍芯北辰｜UID9622,工具手册
📋 民主监督流程图,2025-12-21：保持完全展开，包含四步验证法，是P0核心规则,300,民主监督流程,,2025年12月21日,流程图,💎 龍芯北辰｜UID9622,P0核心必读
🏛️ 易经沙盒组织架构,2025-12-21：暂时保持完全展开。53人格完整编制，建议后续转移到人格调度手册,400,易经沙盒编制,,2025年12月21日,组织架构,💎 龍芯北辰｜UID9622,工具手册
🔒 公开方案发布前强制审计流程,2025-12-21：已改为toggle折叠。保留核心标题和流程图，详细内容折叠。五步法（沙盒检测、人格审计、三色审计、审判长签字、Lucky签名）全部折叠，违规处理、监控、记忆锚点也已折叠,3500,公开审计流程,,2025年12月21日,完整算法,💎 龍芯北辰｜UID9622,工具手册
🤖 AI回复前强制执行算法,2025-12-21：暂时保持完全展开状态。下一步可考虑折叠部分详细代码，但核心规则必须可见,2000,AI执行算法,,2025年12月21日,完整算法,💎 龍芯北辰｜UID9622,P0核心必读
