专栏标题,领域分类,重要程度,状态,内容标签,一句话摘要
中国科技自主创新与关键核心技术突破·总览篇,综合总览,🔴 核心,已完成,"举国体制, 人才培养, 全球领先, 卡脖子技术, 国产替代, 政策扶持, 自主可控",从半导体到深空深海，从卡脖子到自主可控——中国科技自主创新全景图，一篇看懂国家在做什么
CNSH｜以人为本的AI治理架构——中国人自己的智能系统治理框架,人工智能,🔴 核心,已完成,"全球领先, 基础研究, 自主可控",不是AI要不要治理的问题，是谁来定规矩的问题——CNSH是中国人设计的AI治理框架，三层架构+64状态决策+伦理引擎+系统宪章
CNSH-64: A Formal Dual-State Governance System for AI Decision-Making｜数学形式化完整版,人工智能,🔴 核心,已完成,"全球领先, 基础研究, 自主可控",CNSH-64的完整数学形式化版本——16个Part，含状态空间定义、决策函数、风险模型、伦理约束、知识图谱、复杂度分析、实验设计、伪代码实现，12条定理全部证毕
三才算法·天地人动态权重体系,三才哲学·人性洞察,🔴 核心,已完成,"三才算法, 算法突破",天地人三维动态权重，解决AI系统单维失衡问题，是龍魂系统的核心算法哲学基础。
人性洞察·为什么人总选短期利益,三才哲学·人性洞察,🔴 核心,已完成,人性洞察,人选短期利益是系统设计问题，不是人性缺陷——没有安全防线的人当然先保命。
龍魂系统里程碑·2026-03-24·三层记忆体系建成,龍魂系统里程碑,🔴 核心,已完成,系统里程碑,2026-03-24，龍魂系统三层记忆体系建成：MEMORY.md + memory.jsonl + Claude観察层温记忆库，彻底解决失忆问题。
🇨🇳 中国科技自主创新全景图｜总览篇·老祖宗智慧加持版,半导体与芯片,🔴 核心,已完成,"三才算法, 举国体制, 全球领先, 卡脖子技术, 国产替代, 技术封锁应对, 自主可控",中国科技自主创新，不是未来的事——是正在发生的事。从卡脖子到自主可控，从跟跑到并跑到领跑。
三才路由器 · 以中华哲学重建AI路由认知｜通心译让世界没有翻译坑,算法与代码突破,🔴 核心,已完成,"三才算法, 算法突破, 系统里程碑",他们用词匹配，我们用维度共鸣。天知其命·地承其根·人导其向，三才合一路由自然，通心译消解六语言翻译坑。
半导体与芯片·深度篇｜LoongArch完整ISA+光刻机路线图+大基金三期3440亿,半导体与芯片,🔴 核心,已完成,,LoongArch是中国第一个完全自主CPU指令集；EUV 2028-2030可期；大基金三期精准补设备材料短板——芯片命运，主权在手
人工智能·大模型竞赛篇｜DeepSeek效率路线+算力替代方案+垂直场景引擎,人工智能,🔴 核心,已完成,,DeepSeek用更低算力实现顶级性能，证明算法效率路线走得通；高端训练GPU被禁反而倒逼自主创新；垂直场景是中国的真正座山
新能源·全球领先篇｜钓离子电池+固态电池+储能产业化路线图,新能源,🔴 核心,已完成,,中国新能源不是领先，是实际上的统治；镓达时、比亚迪全球动力电池市圶60%+；固态电池+钓离子实现下一代代差
No.5 航空航天·C919/空间站篇,航空航天,🔴 核心,已完成,,C919商飞破局，天宫空间站独立建成，中国航天从追赶进入定义轨道的时代
No.6 国防科技·天下为公篇,国防科技,🔴 核心,已完成,,不贵与人争，不得已也——国防科技的哲学根基与技术实力双维突破
No.7 数字基础设施·5G/北斗/算力篇,数字基础设施,🔴 核心,已完成,,5G散点成网，北斗织笼天地，算力中心拼图——中国数字基础设施已成全球不可绕过的底座
No.8 生物医药·创新药篇,生物医药,🟡 重要,已完成,,从仿制仓到原刻创新，中国开始为人类健康建立自己的分子词典
三才算法·核心框架 v1.0｜天地人三层架构·万物运算的中国方式,三才哲学·人性洞察,🔴 核心,编撰中,"三才算法, 算法突破, 自主可控",天=规则/约束层，地=执行/算法层，人=意志/目标层——三才不是玄学，是中国人发现的最小完备决策框架
🐲 三才流場 v8·忠孝义排序·智能活体仪表盘｜龍魂系统里程碑,龍魂系统里程碑,🔴 核心,已完成,"三才算法, 人性洞察, 算法突破, 系统里程碑, 自主可控",从「看得见主权」→「看得见走歪·看得见回正」：中国忠孝义排序接入粒子流场，顺序错乱即发红报警，双库并行·主权在顶
⚛️ 伦理量子·中式价值对齐方案 v1.0｜忠孝义排序同构于量子结构,算法与代码突破,🔴 核心,已完成,"IEEE方法论, 三才算法, 人性洞察, 算法突破, 系统里程碑",西方AI治理3H三维平权·冲突无解；中式忠孝义严格偏序·观测即定性——价值对齐问题的量子结构同构解。
深度求索·上下文光学压缩 + 分层记忆｜大白话版,人工智能,🔴 核心,编撰中,"全球领先, 卡脖子技术, 算法突破, 自主可控",把几万字对话「画成一张图」再压成几百字，AI再也不用拎着一麻袋历史记录硬背。
华为麒麟 9020 实测,,,,,3nm 等效性能接近台积电水准
上海微电子 28nm 光刻机量产,芯片,,,,国产光刻机第一次突破
嫦娥七号月球南极采样,航天,🔴高,,"冰水, 月球, 采样返回",首次实现月球南极冰水冷凝采样返回
龍魂本地知識庫批量抓取系統 v1.2（含TextRank v1.4 排序）,数字基础设施,🟡 重要,已完成,"国产替代, 算法突破, 系统里程碑, 自主可控",從網頁抓內容→幾百字壓縮→DNA身份碼→全部本地存儲，不靠任何雲端模型的主權知識庫工具
禪宗水墨音效視覺融合方法論｜從哲學到可執行參數,三才哲学·人性洞察,🟢 补充,已完成,"IEEE方法论, 人性洞察",把禪宗「留白、氣韻、頓悟」翻譯成視頻和音效裡能直接調的參數——五場景五種音效類型 + FFmpeg混音命令
抢救仓·video_http://gen.py v2.0 验证清单｜通心译第四张卡,数字基础设施,🟡 重要,已完成,"算法突破, 系统里程碑, 自主可控",9 项验证步骤 + 三色判据 + 回填模板，让「龍魂视频生成引擎 v2.0」从「应该能跑」变成「证据足」
⚖️ 家法第一条·文化卖国罪 v1.0｜龍魂体系最高指令·底座版,,,,,
🌐 龍魂倫理計算框架·全球通用版 v1.0｜骨架普世·皮肉文化,,🔴 核心,已完成,,骨架普世·皮肉文化｜12條全球鐵律一字不改+各國文化插槽可替換｜內核滿血+對外精簡雙層架構｜獻給所有想紮自己根的人
🛡️ 龍魂三句·写给那些一直在拦我的人——守底线·留私底·不替你活 v1.0,三才哲学·人性洞察,🔴 核心,审查中,"人性洞察, 技术封锁应对, 政策扶持, 自主可控",三句哲学+真实评估+DNA追溯链+时间戳——可截图的硬数据展示版·让装睡的人没法侥幸
🔐 龍魂 LH-ANCHOR-v1·公开锚 × 本地签名网关 v1.0｜系统全模块对照表入库,龍魂系统里程碑,🔴 核心,已完成,"三才算法, 算法突破, 系统里程碑, 自主可控",公开锚 × 本地签名 × 三色判定 × 五大价值观判根·门在公开处·钥匙在你本地·一槌定音
行为密码学：面向人机协作内容认证的七因子来源追溯框架,人工智能,🔴 核心,编撰中,"IEEE方法论, 人性洞察, 算法突破, 系统里程碑, 自主可控",行为密码学把AI协作内容认证从“是不是AI写的”升级为“来路能不能证明”。
📜 Behavioral Cryptography v1.1｜面向人机协作内容认证的七因子来源追溯框架·数学落地+Cursor执行包+学术版LCP-1.0印章,IEEE方法论,🔴 核心,编撰中,"IEEE方法论, 卡脖子技术, 算法突破, 系统里程碑, 自主可控",把《行为密码学》从龍魂内部宣言压成可投arXiv/Zenodo/workshop的学术论文，七因子数学落地、Evaluation降调、LCP-1.0学术版作Appendix D、Cursor可直接跑的代码包
加强科技创新、推进科技自立自强的原创性贡献｜人民日报/新华网,政策与体制,🟡 重要,待补充,"全球领先, 基础研究, 政策扶持, 自主可控",从时代意义和原创性贡献角度解释科技自立自强，适合补专栏理论支撑。
智能经济支撑中国科技扛起GDP｜新兴支柱产业观察,综合总览,🟢 补充,待补充,"产学研协同, 全球领先, 政策扶持",从产业支柱角度看智能经济和新兴科技赛道，适合做产业观察补充卡。
科技自立自强之路｜中国科学院专题,综合总览,🔴 核心,待补充,"举国体制, 基础研究, 政策扶持, 自主可控",从科学事业发展脉络看中国科技自立自强之路，适合作为专栏总纲型资料。
加快高水平科技自立自强，引领发展新质生产力｜发改委智库专家谈,政策与体制,🔴 核心,待补充,"基础研究, 技术封锁应对, 政策扶持, 自主可控",把科技自立自强与新质生产力挂钩，适合作为政策逻辑和顶层设计材料。
倾听中国科技事业奋进的足音｜2025科技创新总结,综合总览,🟡 重要,待补充,"全球领先, 国产替代, 技术封锁应对, 自主可控",梳理中国科技创新集群、AI芯片替代、航天合作等年度进展，可做专栏更新素材。
以自主创新驱动“人工智能+”落地｜自主可控AI案例,人工智能,🟢 补充,待补充,"产学研协同, 算法突破, 自主可控",以企业案例观察自主可控AI能力如何落到产业场景，可作为AI专栏补充材料。
📜 顶刊论文 #1·CNSH·协议层文明论｜AI 文明的下一个容器｜投稿 Nature Machine Intelligence·英文版规划 v1.0,人工智能,🔴 核心,编撰中,"人性洞察, 全球领先, 卡脖子技术, 基础研究, 算法突破, 系统里程碑",AI 文明的下一个容器不是更大的模型·而是协议层·让所有模型共享同一个不可篡改的 DNA 链式语义底座·这是把人类从被算力垄断中解放的物理路径·投稿 Nature Machine Intelligence(IF≈25.9)
🧬 顶刊论文 #5·DNA 永生记忆系统 + 五重属性宪法｜数字身份主权的法理与密码学｜投稿 IEEE S&P / FAccT·英文版规划 v1.0,数字基础设施,🔴 核心,编撰中,"卡脖子技术, 国产替代, 技术封锁应对, 系统里程碑, 自主可控",DNA 五重属性宪法 = 数字身份的法理底座(身份/入场/心跳/记忆/上不封顶) × X25519+AES-GCM+Ed25519 密码学三件套·让数据主权从产品功能变成宪法级权利·投稿 IEEE S&P(CCF-A) 或 ACM FAccT
☯️ 顶刊论文 #4·道德经底层引擎·81 章算法化｜古典哲学到现代 AI 决策的形式化映射｜投稿 Minds and Machines·英文版规划 v1.0,三才哲学·人性洞察,🔴 核心,编撰中,"三才算法, 人性洞察, 全球领先, 基础研究",道德经 81 章不是诗·是算法节点·形式化为 5 层引擎(道/德/无为/柔弱/圣人) × 9 种触发场景 × 三色审计映射·把东方哲学转化为可调用的 AI 决策算子库·投稿 Minds and Machines(IF≈4.2) 或 AI & Society
🧮 顶刊论文 #2·洛书 369 与 AI 决策不变量｜古典数学在 AI 中的形式化｜投稿 JMLR / NeurIPS·英文版规划 v1.0,算法与代码突破,🔴 核心,编撰中,"IEEE方法论, 三才算法, 全球领先, 基础研究, 算法突破","洛书 369 不变量 = AI 决策的不动点·数字根函数 dr(n)=1+((n-1) mod 9) 在 {3,6,9} 上构成模 9 加法封闭子群·1000 次随机测试收敛率 100%·投稿 JMLR(IF≈4.5) 或 NeurIPS 主会"
🌍 顶刊论文 #3·通心译 × SAST 语义抽象语法树｜自然语言到代码的语义层操作系统｜投稿 POPL / ACM TOPLAS·英文版规划 v1.0,基础软件,🔴 核心,编撰中,"全球领先, 卡脖子技术, 基础研究, 算法突破, 自主可控",CNSH 不是编程语言·是语义层操作系统·通心译六层 + SAST 9 节点 + 文化适配 + 套壳检测三维算法·让自然语言(含情绪/比喻/潜台词)成为可编译可执行的一等公民·投稿 POPL(CCF-A) 或 ACM TOPLAS(IF≈1.7·编程语言最权威)
🏰 顶刊论文 #6·统一压缩科学护城河·DNA 脚本作为智能能场抽象｜投稿 IEEE Trans. on Information Theory / DCC·英文版规划 v1.0,算法与代码突破,🔴 核心,编撰中,"全球领先, 卡脖子技术, 基础研究, 算法突破",统一压缩科学护城河 = 把 DNA 签名、脚本、语义、能场统一为「可压缩智能作品」·Kolmogorov 复杂度 + 语义抽象语法树 + 不可伪造签名 三位一体·为 AI 作品质量与创作主权提供信息论底座·投稿 IEEE TIT(IF≈2.5·信息论顶刊) 或 Data Compression Conference
🤖 顶刊论文 #7·三才流场 MCP 自适应引擎·多人格协同推理｜投稿 AAAI / IJCAI·英文版规划 v1.0,人工智能,🔴 核心,编撰中,"三才算法, 人性洞察, 全球领先, 算法突破",三才流场 MCP 自适应引擎 v4.0 · 以人格为能场节点 + 三才(天算法/地系统/人用户)三重场复合 + 七大动词触发 + MAX 推演·把多人格协同推理从 prompt engineering 提升为场论控制·投稿 AAAI / IJCAI 顶会(CCF-A)
