项目/任务名称,优先级,截止日期,状态,负责人,进度%,公益用途说明,合规模板同意书URL,合规级别,所属网络,策略包,策略版本号,资金关联ID,风险等级,验证码
[TW集成] 2. 同意书确认与策略字段填写,中,,已完成,,,,https://www.notion.so/<POTENTIAL_SECRET_PLACEHOLDER>,,测试环境,钱包集成安全策略v1.0,WSV1.0.2025.10,,,#ZHUGEXIN⚡️2025-🇨🇳🐉⚖️♠️🧚🏼‍♀️❤️♾️-TAIJI-2.0-COMPLETE
[TW集成] 6. 撤回授权与回滚演练（灰度）,中,,待规划,,,,https://uid9622.tech/compliance/wallet-v1,,测试环境,钱包集成安全策略v1.0,WSV1.0.2025.10,,,#ZHUGEXIN⚡️2025-🇨🇳🐉⚖️♠️🧚🏼‍♀️❤️♾️-TAIJI-2.0-COMPLETE
[TW集成] 1. 启用测试网络与领取测试币,中,,进行中,,,,https://uid9622.tech/compliance/wallet-v1,,测试环境,钱包集成安全策略v1.0,WSV1.0.2025.10,,,#ZHUGEXIN⚡️2025-🇨🇳🐉⚖️♠️🧚🏼‍♀️❤️♾️-TAIJI-2.0-COMPLETE
[TW集成] 5. 公益透明度视图字段自查与补齐,中,,待规划,,,,https://uid9622.tech/compliance/wallet-v1,,测试环境,钱包集成安全策略v1.0,WSV1.0.2025.10,,,#ZHUGEXIN⚡️2025-🇨🇳🐉⚖️♠️🧚🏼‍♀️❤️♾️-TAIJI-2.0-COMPLETE
[TW集成] 7. 安全与风控演练（验证码失败提级）,中,,待规划,,,,https://uid9622.tech/compliance/wallet-v1,,测试环境,钱包集成安全策略v1.0,WSV1.0.2025.10,,,#ZHUGEXIN⚡️2025-🇨🇳🐉⚖️♠️🧚🏼‍♀️❤️♾️-TAIJI-2.0-COMPLETE
UID9622 Web3身份确认系统（项目示例）,中,,待规划,,0%,为普通人提供安全透明的Web3身份管理，降低技术门槛,https://uid9622.tech/compliance/identity-v1,高,,中国Web3合规标准v1.0,CNV1.0.2025.10,,中,#ZHUGEXIN⚡️2025-🇨🇳🐉⚖️♠️🧚🏼‍♀️❤️♾️-TAIJI-2.0-COMPLETE
研究中国 Web3 政策法规（任务示例）,中,,待规划,,0%,确保项目完全符合中国法律要求,https://uid9622.tech/compliance/research-v1,,本地链,政策研究标准v1.0,PRV1.0.2025.10,CHARITY-001,,#ZHUGEXIN⚡️2025-🇨🇳🐉⚖️♠️🧚🏼‍♀️❤️♾️-TAIJI-2.0-COMPLETE
完成 Trust Wallet 集成（里程碑示例）,中,,待规划,,0%,,https://uid9622.tech/compliance/wallet-v1,高,,钱包集成安全策略v1.0,WSV1.0.2025.10,,低,#ZHUGEXIN⚡️2025-🇨🇳🐉⚖️♠️🧚🏼‍♀️❤️♾️-TAIJI-2.0-COMPLETE
[TW集成] 3. 实现并验证签名挑战（前后端）,高,,进行中,,,,https://uid9622.tech/compliance/wallet-v1,,测试环境,钱包集成安全策略v1.0,WSV1.0.2025.10,,,#ZHUGEXIN⚡️2025-🇨🇳🐉⚖️♠️🧚🏼‍♀️❤️♾️-TAIJI-2.0-COMPLETE
[TW集成] 4. 钱包地址↔UID9622 DID 绑定入库,高,,待规划,,,,https://uid9622.tech/compliance/wallet-v1,,测试环境,钱包集成安全策略v1.0,WSV1.0.2025.10,,,#ZHUGEXIN⚡️2025-🇨🇳🐉⚖️♠️🧚🏼‍♀️❤️♾️-TAIJI-2.0-COMPLETE
